{"cameraMode":{"drawMode":0,"name":"Shaded","section":"Shading Mode"},"sceneLighting":false,"audioPlay":false,"sceneViewState":{"showFog":true,"showMaterialUpdate":false,"showSkybox":true,"showFlares":true,"showImageEffects":true,"showParticleSystems":true},"in2DMode":false,"pivot":{"x":-2.3082971572875978,"y":3.357283353805542,"z":0.016054987907409669},"rotation":{"x":-0.15956656634807588,"y":0.8374617695808411,"z":-0.40609240531921389,"w":-0.329067200422287},"size":11.891870498657227,"orthographic":false}