{"cameraMode":{"drawMode":0,"name":"Shaded","section":"Shading Mode"},"sceneLighting":true,"audioPlay":false,"sceneViewState":{"showFog":false,"showMaterialUpdate":false,"showSkybox":true,"showFlares":false,"showImageEffects":false,"showParticleSystems":false},"in2DMode":false,"pivot":{"x":-3.3159902095794679,"y":-0.48154211044311526,"z":-1.2917165756225587},"rotation":{"x":0.15146467089653016,"y":-0.6963794231414795,"z":0.1541232466697693,"w":0.6843684911727905},"size":4.867526531219482,"orthographic":false}